{
  "rgo_scope": "super_region",
  "rgo_goods": [
    "chili",
    "fish",
    "fruit",
    "legumes",
    "livestock",
    "maize",
    "millet",
    "olives",
    "pepper",
    "potato",
    "rice",
    "saffron",
    "salt",
    "wheat",
    "wine",
    "wild_game",
    "wool",
    "sugar",
    "beeswax",
    "fur"
  ],
  "rows": [
    {
      "scope": "asia",
      "n_locations": 7973,
      "wild_game": 8.114888,
      "fish": 6.973536,
      "livestock": 11.752164,
      "fruit": 4.201681,
      "millet": 3.286091,
      "legumes": 4.138969,
      "wheat": 5.418287,
      "fur": 4.239308,
      "wool": 3.085413,
      "rice": 5.531168,
      "beeswax": 1.88135,
      "salt": 1.50508,
      "maize": 0.0,
      "wine": 0.363728,
      "sugar": 1.053556,
      "olives": 0.188135,
      "saffron": 0.188135,
      "chili": 0.0,
      "pepper": 0.840336,
      "potato": 0.0
    },
    {
      "scope": "europe",
      "n_locations": 5290,
      "wild_game": 5.217391,
      "fish": 5.274102,
      "livestock": 11.701323,
      "fruit": 2.495274,
      "millet": 4.89603,
      "legumes": 3.705104,
      "wheat": 8.431002,
      "fur": 4.385633,
      "wool": 7.674858,
      "rice": 0.056711,
      "beeswax": 2.287335,
      "salt": 2.627599,
      "maize": 0.0,
      "wine": 3.364839,
      "sugar": 0.132325,
      "olives": 1.00189,
      "saffron": 0.302457,
      "chili": 0.0,
      "pepper": 0.0,
      "potato": 0.0
    },
    {
      "scope": "america",
      "n_locations": 4441,
      "wild_game": 18.171583,
      "fish": 9.840126,
      "livestock": 1.643774,
      "fruit": 3.219995,
      "millet": 0.0,
      "legumes": 4.7737,
      "wheat": 0.0,
      "fur": 7.700968,
      "wool": 0.653006,
      "rice": 0.0,
      "beeswax": 2.049088,
      "salt": 2.184193,
      "maize": 6.192299,
      "wine": 0.0,
      "sugar": 0.0,
      "olives": 0.0,
      "saffron": 0.0,
      "chili": 1.283495,
      "pepper": 0.0,
      "potato": 0.720558
    },
    {
      "scope": "africa",
      "n_locations": 2433,
      "wild_game": 7.357172,
      "fish": 7.480477,
      "livestock": 15.659679,
      "fruit": 4.932182,
      "millet": 7.233868,
      "legumes": 2.342787,
      "wheat": 3.082614,
      "fur": 0.0,
      "wool": 1.808467,
      "rice": 3.863543,
      "beeswax": 2.260584,
      "salt": 2.055076,
      "maize": 0.0,
      "wine": 0.082203,
      "sugar": 1.150843,
      "olives": 1.06864,
      "saffron": 1.109741,
      "chili": 0.0,
      "pepper": 0.0,
      "potato": 0.0
    },
    {
      "scope": "oceania",
      "n_locations": 790,
      "wild_game": 12.151899,
      "fish": 18.987342,
      "livestock": 6.582278,
      "fruit": 11.772152,
      "millet": 8.35443,
      "legumes": 6.202532,
      "wheat": 0.0,
      "fur": 0.0,
      "wool": 0.0,
      "rice": 0.0,
      "beeswax": 0.886076,
      "salt": 0.759494,
      "maize": 0.0,
      "wine": 0.0,
      "sugar": 0.506329,
      "olives": 0.0,
      "saffron": 0.0,
      "chili": 0.0,
      "pepper": 0.0,
      "potato": 0.0
    }
  ]
}